what,kind,bundleId,bundleVersion,description,time
stopped,bundle,org.eclipse.jst.server.generic.jboss,1.6.1.v200904151730,"org.eclipse.jst.server.generic.jboss",1368356264442
stopped,bundle,org.eclipse.jst.server.generic.jonas,1.5.205.v200805140145,"org.eclipse.jst.server.generic.jonas",1368356264442
stopped,bundle,org.eclipse.jst.server.generic.oc4j,1.5.206.v20090812,"org.eclipse.jst.server.generic.oc4j",1368356264443
stopped,bundle,org.eclipse.jst.server.websphere.core,1.0.302.v20080620,"org.eclipse.jst.server.websphere.core",1368356264443
stopped,bundle,org.eclipse.jst.server.generic.ui,1.0.505.v20100428,"org.eclipse.jst.server.generic.ui",1368356264443
stopped,bundle,org.eclipse.jst.server.generic.core,1.0.700.v20101219,"org.eclipse.jst.server.generic.core",1368356264443
stopped,bundle,org.eclipse.mylyn.ide.ant,3.7.1.v20120425-0100,"org.eclipse.mylyn.ide.ant",1368356264443
stopped,bundle,org.eclipse.ant.ui,3.5.101.v20120110-1739,"org.eclipse.ant.ui",1368356264443
stopped,bundle,org.eclipse.ant.launching,1.0.101.v20120110-1739,"org.eclipse.ant.launching",1368356264443
stopped,bundle,org.eclipse.jdt.apt.pluggable.core,1.0.400.v20110305-1450,"org.eclipse.jdt.apt.pluggable.core",1368356264443
stopped,bundle,org.eclipse.jdt.apt.ui,3.3.300.v20110305-1450,"org.eclipse.jdt.apt.ui",1368356264443
stopped,bundle,org.eclipse.jst.ws.jaxb.core,1.0.100.v201104031139,"org.eclipse.jst.ws.jaxb.core",1368356264443
stopped,bundle,org.eclipse.jst.ws.annotations.core,1.1.0.v201104031139,"org.eclipse.jst.ws.annotations.core",1368356264443
stopped,bundle,org.eclipse.jdt.apt.core,3.3.500.v20110420-1015,"org.eclipse.jdt.apt.core",1368356264443
stopped,bundle,org.eclipse.mylyn.wikitext.ui,1.5.0.v20110608-1400,"org.eclipse.mylyn.wikitext.ui",1368356264443
stopped,bundle,org.eclipse.mylyn.wikitext.core,1.5.1.v20110720-0100,"org.eclipse.mylyn.wikitext.core",1368356264443
stopped,bundle,org.eclipse.wst.command.env.ui,1.1.103.v201102260635,"org.eclipse.wst.command.env.ui",1368356264443
stopped,bundle,org.eclipse.wst.command.env,1.0.409.v201004211805,"org.eclipse.wst.command.env",1368356264443
stopped,bundle,com.google.gdt.eclipse.designer.hosted.2_0.webkit,2.5.0.r37x201112291019,"com.google.gdt.eclipse.designer.hosted.2_0.webkit",1368356264443
stopped,bundle,com.google.gdt.eclipse.designer.hosted.2_0,2.5.0.r37x201112291019,"com.google.gdt.eclipse.designer.hosted.2_0",1368356264443
stopped,bundle,org.eclipse.emf.mwe2.language.ui,2.2.0.v201112071250,"org.eclipse.emf.mwe2.language.ui",1368356264443
stopped,bundle,org.eclipse.xtext.purexbase.ui,2.2.1.v201112130541,"org.eclipse.xtext.purexbase.ui",1368356264443
stopped,bundle,org.eclipse.xtext.purexbase,2.2.1.v201112130541,"org.eclipse.xtext.purexbase",1368356264444
stopped,bundle,org.eclipse.xtext.ui.codetemplates.ui,2.2.1.v201112130541,"org.eclipse.xtext.ui.codetemplates.ui",1368356264444
stopped,bundle,org.eclipse.xtext.ui.codetemplates,2.2.1.v201112130541,"org.eclipse.xtext.ui.codetemplates",1368356264444
stopped,bundle,org.eclipse.xtext.xbase.ui,2.2.1.v201112130541,"org.eclipse.xtext.xbase.ui",1368356264444
stopped,bundle,org.eclipse.xtext.xtend2,2.2.1.v201112130541,"org.eclipse.xtext.xtend2",1368356264444
stopped,bundle,org.eclipse.xtext.xbase,2.2.1.v201112130541,"org.eclipse.xtext.xbase",1368356264444
stopped,bundle,org.eclipse.emf.mwe2.language,2.2.0.v201112071250,"org.eclipse.emf.mwe2.language",1368356264444
stopped,bundle,org.eclipse.xtext.common.types.shared,2.2.1.v201112130541,"org.eclipse.xtext.common.types.shared",1368356264444
stopped,bundle,org.eclipse.xtext.ui.ecore,2.2.1.v201112130541,"org.eclipse.xtext.ui.ecore",1368356264444
stopped,bundle,org.eclipse.xtext.xtext.ui.graph,2.2.1.v201112130541,"org.eclipse.xtext.xtext.ui.graph",1368356264444
stopped,bundle,org.eclipse.xtext.ui.shared,2.2.1.v201112130541,"org.eclipse.xtext.ui.shared",1368356264444
stopped,bundle,org.eclipse.xtext.builder,2.2.1.v201112130541,"org.eclipse.xtext.builder",1368356264444
stopped,bundle,org.eclipse.xtext.common.types.ui,2.2.1.v201112130541,"org.eclipse.xtext.common.types.ui",1368356264444
stopped,bundle,org.eclipse.xtext.ui.junit,2.2.1.v201112130541,"org.eclipse.xtext.ui.junit",1368356264444
stopped,bundle,org.eclipse.xtext.generator,2.2.1.v201112130541,"org.eclipse.xtext.generator",1368356264444
stopped,bundle,org.eclipse.xtext.common.types,2.2.1.v201112130541,"org.eclipse.xtext.common.types",1368356264444
stopped,bundle,org.eclipse.xtext.ecore,2.2.1.v201112130541,"org.eclipse.xtext.ecore",1368356264444
stopped,bundle,org.eclipse.xtext.ui,2.2.1.v201112130541,"org.eclipse.xtext.ui",1368356264444
stopped,bundle,org.eclipse.xtext,2.2.1.v201112130541,"org.eclipse.xtext",1368356264444
stopped,bundle,org.eclipse.emf.mwe.core,1.2.1.v201112070431,"org.eclipse.emf.mwe.core",1368356264444
stopped,bundle,org.eclipse.mylyn.java.ui,3.7.1.v20120425-0100,"org.eclipse.mylyn.java.ui",1368356264445
stopped,bundle,org.eclipse.mylyn.ide.ui,3.7.1.v20120425-0100,"org.eclipse.mylyn.ide.ui",1368356264445
stopped,bundle,org.eclipse.mylyn.resources.ui,3.7.1.v20120425-0100,"org.eclipse.mylyn.resources.ui",1368356264445
stopped,bundle,org.eclipse.emf.importer.ecore,2.6.0.v20130125-0826,"org.eclipse.emf.importer.ecore",1368356264445
stopped,bundle,org.eclipse.emf.importer.java,2.6.0.v20130125-0826,"org.eclipse.emf.importer.java",1368356264445
stopped,bundle,org.eclipse.emf.importer.rose,2.6.0.v20130125-0826,"org.eclipse.emf.importer.rose",1368356264445
stopped,bundle,org.eclipse.emf.ant,2.7.0.v20130125-0826,"org.eclipse.emf.ant",1368356264445
activated,perspective,org.eclipse.jst.j2ee.ui,,"org.eclipse.jst.j2ee.J2EEPerspective",1368819833051
started,bundle,org.eclipse.osgi,3.7.2.v20120110-1415,"org.eclipse.osgi",1368819833052
started,bundle,org.eclipse.equinox.simpleconfigurator,1.0.200.v20110815-1438,"org.eclipse.equinox.simpleconfigurator",1368819833052
started,bundle,com.ibm.icu,4.4.2.v20110823,"com.ibm.icu",1368819833052
started,bundle,org.eclipse.compare.core,3.5.200.I20110208-0800,"org.eclipse.compare.core",1368819833052
started,bundle,org.eclipse.core.contenttype,3.4.100.v20110423-0524,"org.eclipse.core.contenttype",1368819833052
started,bundle,org.eclipse.core.databinding.observable,1.4.0.I20110222-0800,"org.eclipse.core.databinding.observable",1368819833052
started,bundle,org.eclipse.core.expressions,3.4.300.v20110228,"org.eclipse.core.expressions",1368819833052
started,bundle,org.eclipse.core.filebuffers,3.5.200.v20110928-1504,"org.eclipse.core.filebuffers",1368819833052
started,bundle,org.eclipse.core.filesystem,1.3.100.v20110423-0524,"org.eclipse.core.filesystem",1368819833052
started,bundle,org.eclipse.core.jobs,3.5.101.v20120113-1953,"org.eclipse.core.jobs",1368819833052
started,bundle,org.eclipse.core.net,1.2.100.I20110511-0800,"org.eclipse.core.net",1368819833052
started,bundle,org.eclipse.core.resources,3.7.101.v20120125-1505,"org.eclipse.core.resources",1368819833052
started,bundle,org.eclipse.core.runtime,3.7.0.v20110110,"org.eclipse.core.runtime",1368819833052
started,bundle,org.eclipse.core.runtime.compatibility,3.2.100.v20100505,"org.eclipse.core.runtime.compatibility",1368819833052
started,bundle,org.eclipse.core.runtime.compatibility.auth,3.2.200.v20110110,"org.eclipse.core.runtime.compatibility.auth",1368819833052
started,bundle,org.eclipse.core.variables,3.2.500.v20110928-1503,"org.eclipse.core.variables",1368819833052
started,bundle,org.eclipse.debug.core,3.7.1.v20111129-2031,"org.eclipse.debug.core",1368819833052
started,bundle,org.eclipse.debug.ui,3.7.102.v20111129-1423_r372,"org.eclipse.debug.ui",1368819833052
started,bundle,org.eclipse.epp.mpc.ui,1.1.1.I20110907-0947,"org.eclipse.epp.mpc.ui",1368819833052
started,bundle,org.eclipse.epp.usagedata.gathering,1.3.1.R201106061540,"org.eclipse.epp.usagedata.gathering",1368819833052
started,bundle,org.eclipse.epp.usagedata.recording,1.3.1.R201106061540,"org.eclipse.epp.usagedata.recording",1368819833052
started,bundle,org.eclipse.equinox.app,1.3.100.v20110321,"org.eclipse.equinox.app",1368819833052
started,bundle,org.eclipse.equinox.common,3.6.0.v20110523,"org.eclipse.equinox.common",1368819833052
started,bundle,org.eclipse.equinox.ds,1.3.1.R37x_v20110701,"org.eclipse.equinox.ds",1368819833052
started,bundle,org.eclipse.equinox.event,1.2.100.v20110502,"org.eclipse.equinox.event",1368819833052
started,bundle,org.eclipse.equinox.p2.core,2.1.1.v20120113-1346,"org.eclipse.equinox.p2.core",1368819833052
started,bundle,org.eclipse.equinox.p2.directorywatcher,1.0.300.v20110815-1419,"org.eclipse.equinox.p2.directorywatcher",1368819833052
started,bundle,org.eclipse.equinox.p2.engine,2.1.1.R37x_v20111003,"org.eclipse.equinox.p2.engine",1368819833052
started,bundle,org.eclipse.equinox.p2.metadata,2.1.0.v20110815-1419,"org.eclipse.equinox.p2.metadata",1368819833052
started,bundle,org.eclipse.equinox.p2.metadata.repository,1.2.0.v20110815-1419,"org.eclipse.equinox.p2.metadata.repository",1368819833052
started,bundle,org.eclipse.equinox.p2.operations,2.1.1.R37x_v20111111,"org.eclipse.equinox.p2.operations",1368819833052
started,bundle,org.eclipse.equinox.p2.reconciler.dropins,1.1.100.v20110815-1419,"org.eclipse.equinox.p2.reconciler.dropins",1368819833052
started,bundle,org.eclipse.equinox.p2.repository,2.1.1.v20120113-1346,"org.eclipse.equinox.p2.repository",1368819833052
started,bundle,org.eclipse.equinox.p2.ui.sdk.scheduler,1.0.100.v20110815-1419,"org.eclipse.equinox.p2.ui.sdk.scheduler",1368819833052
started,bundle,org.eclipse.equinox.p2.updatechecker,1.1.200.v20110815-1419,"org.eclipse.equinox.p2.updatechecker",1368819833053
started,bundle,org.eclipse.equinox.preferences,3.4.2.v20120111-2020,"org.eclipse.equinox.preferences",1368819833053
started,bundle,org.eclipse.equinox.registry,3.5.101.R37x_v20110810-1611,"org.eclipse.equinox.registry",1368819833053
started,bundle,org.eclipse.equinox.security,1.1.1.R37x_v20110822-1018,"org.eclipse.equinox.security",1368819833053
started,bundle,org.eclipse.equinox.util,1.0.300.v20110502,"org.eclipse.equinox.util",1368819833053
started,bundle,org.eclipse.help,3.5.100.v20110426,"org.eclipse.help",1368819833053
started,bundle,org.eclipse.jdt.apt.core,3.3.500.v20110420-1015,"org.eclipse.jdt.apt.core",1368819833053
started,bundle,org.eclipse.jdt.apt.pluggable.core,1.0.400.v20110305-1450,"org.eclipse.jdt.apt.pluggable.core",1368819833053
started,bundle,org.eclipse.jdt.core,3.7.3.v20120119-1537,"org.eclipse.jdt.core",1368819833053
started,bundle,org.eclipse.jdt.core.manipulation,1.4.0.v20110928-1453,"org.eclipse.jdt.core.manipulation",1368819833053
started,bundle,org.eclipse.jdt.launching,3.6.1.v20111006_r372,"org.eclipse.jdt.launching",1368819833053
started,bundle,org.eclipse.jdt.ui,3.7.2.v20120109-1427,"org.eclipse.jdt.ui",1368819833053
started,bundle,org.eclipse.jem,2.0.501.v201111030500,"org.eclipse.jem",1368819833053
started,bundle,org.eclipse.jem.util,2.1.100.v201103021400,"org.eclipse.jem.util",1368819833053
started,bundle,org.eclipse.jem.workbench,2.0.400.v201104251400,"org.eclipse.jem.workbench",1368819833053
started,bundle,org.eclipse.jface,3.7.0.v20110928-1505,"org.eclipse.jface",1368819833053
started,bundle,org.eclipse.jpt.common.core,1.0.2.v201111103010,"org.eclipse.jpt.common.core",1368819833053
started,bundle,org.eclipse.jpt.jpa.core,3.0.2.v201201243020,"org.eclipse.jpt.jpa.core",1368819833053
started,bundle,org.eclipse.jsch.core,1.1.300.I20110514-0800,"org.eclipse.jsch.core",1368819833053
started,bundle,org.eclipse.jst.common.project.facet.core,1.4.200.v201103170302,"org.eclipse.jst.common.project.facet.core",1368819833053
started,bundle,org.eclipse.jst.j2ee,1.1.503.v201202090300,"org.eclipse.jst.j2ee",1368819833053
started,bundle,org.eclipse.jst.j2ee.core,1.2.102.v201202090300,"org.eclipse.jst.j2ee.core",1368819833053
started,bundle,org.eclipse.jst.j2ee.navigator.ui,1.1.501.v201107261503,"org.eclipse.jst.j2ee.navigator.ui",1368819833053
started,bundle,org.eclipse.jst.j2ee.ui,1.1.503.v201201190400,"org.eclipse.jst.j2ee.ui",1368819833053
started,bundle,org.eclipse.jst.j2ee.webservice,1.1.400.v201004110600,"org.eclipse.jst.j2ee.webservice",1368819833053
started,bundle,org.eclipse.jst.j2ee.webservice.ui,1.1.500.v201105122000,"org.eclipse.jst.j2ee.webservice.ui",1368819833053
started,bundle,org.eclipse.jst.jee.ui,1.0.401.v201202011107,"org.eclipse.jst.jee.ui",1368819833053
started,bundle,org.eclipse.jst.ws.jaxrs.core,1.0.301.v201108240656,"org.eclipse.jst.ws.jaxrs.core",1368819833053
started,bundle,org.eclipse.jst.ws.jaxws.utils,1.0.100.v201201031437,"org.eclipse.jst.ws.jaxws.utils",1368819833053
started,bundle,org.eclipse.ltk.core.refactoring,3.5.201.r372_v20111101-0700,"org.eclipse.ltk.core.refactoring",1368819833053
started,bundle,org.eclipse.ltk.ui.refactoring,3.6.0.v20110928-1453,"org.eclipse.ltk.ui.refactoring",1368819833053
started,bundle,org.eclipse.search,3.7.0.v20110928-1504,"org.eclipse.search",1368819833053
started,bundle,org.eclipse.team.core,3.6.0.I20110525-0800,"org.eclipse.team.core",1368819833053
started,bundle,org.eclipse.team.cvs.core,3.3.400.I20110510-0800,"org.eclipse.team.cvs.core",1368819833053
started,bundle,org.eclipse.team.cvs.ui,3.3.401.v20120126-1227,"org.eclipse.team.cvs.ui",1368819833053
started,bundle,org.eclipse.team.ui,3.6.101.R37x_v20111109-0800,"org.eclipse.team.ui",1368819833053
started,bundle,org.eclipse.ui,3.7.0.v20110928-1505,"org.eclipse.ui",1368819833053
started,bundle,org.eclipse.ui.console,3.5.100.v20111007_r372,"org.eclipse.ui.console",1368819833053
started,bundle,org.eclipse.ui.editors,3.7.0.v20110928-1504,"org.eclipse.ui.editors",1368819833053
started,bundle,org.eclipse.ui.forms,3.5.101.v20111011-1919,"org.eclipse.ui.forms",1368819833053
started,bundle,org.eclipse.ui.ide,3.7.0.v20110928-1505,"org.eclipse.ui.ide",1368819833053
started,bundle,org.eclipse.ui.navigator,3.5.101.v20120106-1355,"org.eclipse.ui.navigator",1368819833053
started,bundle,org.eclipse.ui.navigator.resources,3.4.300.v20110928-1505,"org.eclipse.ui.navigator.resources",1368819833053
started,bundle,org.eclipse.ui.net,1.2.100.v20111208-1155,"org.eclipse.ui.net",1368819833053
started,bundle,org.eclipse.ui.views,3.6.0.v20110928-1505,"org.eclipse.ui.views",1368819833053
started,bundle,org.eclipse.ui.workbench,3.7.1.v20120104-1859,"org.eclipse.ui.workbench",1368819833053
started,bundle,org.eclipse.ui.workbench.texteditor,3.7.0.v20110928-1504,"org.eclipse.ui.workbench.texteditor",1368819833053
started,bundle,org.eclipse.update.configurator,3.3.100.v20100512,"org.eclipse.update.configurator",1368819833053
started,bundle,org.eclipse.update.core,3.2.500.v20110330,"org.eclipse.update.core",1368819833053
started,bundle,org.eclipse.update.scheduler,3.2.300.v20100512,"org.eclipse.update.scheduler",1368819833053
started,bundle,org.eclipse.wst.common.core,1.2.0.v200908252030,"org.eclipse.wst.common.core",1368819833053
started,bundle,org.eclipse.wst.common.emf,1.2.100.v201101101900,"org.eclipse.wst.common.emf",1368819833053
started,bundle,org.eclipse.wst.common.emfworkbench.integration,1.2.101.v201107140600,"org.eclipse.wst.common.emfworkbench.integration",1368819833053
started,bundle,org.eclipse.wst.common.frameworks,1.2.102.v201201190400,"org.eclipse.wst.common.frameworks",1368819833053
started,bundle,org.eclipse.wst.common.frameworks.ui,1.2.100.v201105122000,"org.eclipse.wst.common.frameworks.ui",1368819833053
started,bundle,org.eclipse.wst.common.modulecore,1.2.103.v201201190400,"org.eclipse.wst.common.modulecore",1368819833054
started,bundle,org.eclipse.wst.common.uriresolver,1.1.401.v201004280700,"org.eclipse.wst.common.uriresolver",1368819833054
started,bundle,org.eclipse.wst.dtd.ui,1.0.600.v201103171359,"org.eclipse.wst.dtd.ui",1368819833054
started,bundle,org.eclipse.wst.internet.cache,1.0.400.v201004280700,"org.eclipse.wst.internet.cache",1368819833054
started,bundle,org.eclipse.wst.sse.core,1.1.602.v201112071516,"org.eclipse.wst.sse.core",1368819833054
started,bundle,org.eclipse.wst.sse.ui,1.3.2.v201201041522,"org.eclipse.wst.sse.ui",1368819833054
started,bundle,org.eclipse.wst.validation,1.2.303.v201202090300,"org.eclipse.wst.validation",1368819833054
started,bundle,org.eclipse.wst.web,1.1.501.v201201190400,"org.eclipse.wst.web",1368819833054
started,bundle,org.eclipse.wst.xml.core,1.1.602.v201201091944,"org.eclipse.wst.xml.core",1368819833054
started,bundle,org.eclipse.wst.xml.ui,1.1.202.v201112071516,"org.eclipse.wst.xml.ui",1368819833054
started,bundle,org.eclipse.wst.xsl.core,1.1.100.v201102270516,"org.eclipse.wst.xsl.core",1368819833054
started,bundle,org.eclipse.wst.xsl.exslt.core,1.0.0.v201005240426,"org.eclipse.wst.xsl.exslt.core",1368819833054
started,bundle,org.eclipse.wst.xsl.ui,1.1.200.v201103082057,"org.eclipse.wst.xsl.ui",1368819833054
started,bundle,com.google.gdt.eclipse.designer,2.5.0.r37x201112291029,"com.google.gdt.eclipse.designer",1368819833054
started,bundle,com.google.gdt.eclipse.designer.UiBinder,2.5.0.r37x201112291029,"com.google.gdt.eclipse.designer.UiBinder",1368819833054
started,bundle,com.google.gdt.eclipse.designer.hosted,2.5.0.r37x201112291019,"com.google.gdt.eclipse.designer.hosted",1368819833054
started,bundle,org.eclipse.dltk.core,3.0.1.v20110823,"org.eclipse.dltk.core",1368819833054
started,bundle,org.eclipse.dltk.launching,3.0.0.v20110423,"org.eclipse.dltk.launching",1368819833054
started,bundle,org.eclipse.dltk.ui,3.0.1.v20110823,"org.eclipse.dltk.ui",1368819833054
started,bundle,org.eclipse.equinox.weaving.aspectj,1.0.0.v20100503,"org.eclipse.equinox.weaving.aspectj",1368819833054
started,bundle,org.eclipse.wb.core,1.3.0.r37x201202052311,"org.eclipse.wb.core",1368819833054
started,bundle,org.eclipse.wb.core.lib,1.3.0.r37x201202052311,"org.eclipse.wb.core.lib",1368819833054
started,bundle,com.google.appengine.eclipse.core,2.6.1.v201205091048-rel-r37,"com.google.appengine.eclipse.core",1368819833054
started,bundle,com.google.gdt.eclipse.appengine.rpc,2.6.1.v201205091048-rel-r37,"com.google.gdt.eclipse.appengine.rpc",1368819833054
started,bundle,com.google.gdt.eclipse.core,2.6.1.v201205091048-rel-r37,"com.google.gdt.eclipse.core",1368819833054
started,bundle,com.google.gdt.eclipse.login,2.6.1.v201205091048-rel-r37,"com.google.gdt.eclipse.login",1368819833054
started,bundle,com.google.gdt.eclipse.managedapis,2.6.1.v201205091048-rel-r37,"com.google.gdt.eclipse.managedapis",1368819833054
started,bundle,com.google.gdt.eclipse.mobile.android,2.6.1.v201205091048-rel-r37,"com.google.gdt.eclipse.mobile.android",1368819833054
started,bundle,com.google.gdt.eclipse.platform.shared,2.6.1.v201205091048-rel-r37,"com.google.gdt.eclipse.platform.shared",1368819833054
started,bundle,com.google.gdt.eclipse.suite.ext,2.6.1.v201205091048-rel-r37,"com.google.gdt.eclipse.suite.ext",1368819833054
started,bundle,com.google.gwt.eclipse.core,2.6.1.v201205091048-rel-r37,"com.google.gwt.eclipse.core",1368819833054
started,bundle,org.eclipse.mylyn.bugzilla.core,3.7.1.v20120425-0100,"org.eclipse.mylyn.bugzilla.core",1368819833054
started,bundle,org.eclipse.mylyn.bugzilla.ui,3.7.1.v20120425-0100,"org.eclipse.mylyn.bugzilla.ui",1368819833054
started,bundle,org.eclipse.mylyn.commons.core,3.7.1.v20120425-0100,"org.eclipse.mylyn.commons.core",1368819833054
started,bundle,org.eclipse.mylyn.commons.net,3.7.1.v20120425-0100,"org.eclipse.mylyn.commons.net",1368819833054
started,bundle,org.eclipse.mylyn.commons.notifications.core,0.9.1.v20120425-0100,"org.eclipse.mylyn.commons.notifications.core",1368819833054
started,bundle,org.eclipse.mylyn.commons.notifications.feed,0.9.1.v20120425-0100,"org.eclipse.mylyn.commons.notifications.feed",1368819833054
started,bundle,org.eclipse.mylyn.commons.ui,3.7.1.v20120425-0100,"org.eclipse.mylyn.commons.ui",1368819833054
started,bundle,org.eclipse.mylyn.commons.workbench,3.7.1.v20120425-0100,"org.eclipse.mylyn.commons.workbench",1368819833054
started,bundle,org.eclipse.mylyn.context.core,3.7.1.v20120425-0100,"org.eclipse.mylyn.context.core",1368819833054
started,bundle,org.eclipse.mylyn.context.tasks.ui,3.7.1.v20120425-0100,"org.eclipse.mylyn.context.tasks.ui",1368819833054
started,bundle,org.eclipse.mylyn.monitor.ui,3.7.1.v20120425-0100,"org.eclipse.mylyn.monitor.ui",1368819833054
started,bundle,org.eclipse.mylyn.tasks.ui,3.7.1.v20120425-0100,"org.eclipse.mylyn.tasks.ui",1368819833054
started,bundle,org.eclipse.mylyn.team.ui,3.7.1.v20120425-0100,"org.eclipse.mylyn.team.ui",1368819833054
started,bundle,org.scala-ide.sdt.aspects,2.0.1.v-2_09-201204232213-dae5cd4,"org.scala-ide.sdt.aspects",1368819833054
started,bundle,org.scala-ide.sdt.core,2.0.1.v-2_09-201204232213-dae5cd4,"org.scala-ide.sdt.core",1368819833054
started,bundle,org.eclipse.m2e.core,1.0.100.20110804-1717,"org.eclipse.m2e.core",1368819833054
started,bundle,org.eclipse.m2e.editor.xml,1.0.100.20110804-1717,"org.eclipse.m2e.editor.xml",1368819833054
started,bundle,org.eclipse.m2e.jdt,1.0.100.20110804-1717,"org.eclipse.m2e.jdt",1368819833054
started,bundle,org.eclipse.m2e.logback.configuration,1.0.100.20110804-1717,"org.eclipse.m2e.logback.configuration",1368819833054
started,bundle,org.eclipse.wst.common.project.facet.core,1.4.300.v201111030424,"org.eclipse.wst.common.project.facet.core",1368819833054
started,bundle,com.android.ide.eclipse.adt,21.1.0.v201302060044-569685,"com.android.ide.eclipse.adt",1368819833054
started,bundle,com.android.ide.eclipse.base,21.1.0.v201302060044-569685,"com.android.ide.eclipse.base",1368819833054
started,bundle,com.android.ide.eclipse.ddms,21.1.0.v201302060044-569685,"com.android.ide.eclipse.ddms",1368819833054
started,bundle,org.eclipse.emf.common,2.8.0.v20130125-0546,"org.eclipse.emf.common",1368819833054
started,bundle,org.eclipse.emf.common.ui,2.7.0.v20130125-0826,"org.eclipse.emf.common.ui",1368819833054
started,bundle,org.eclipse.emf.ecore,2.8.3.v20130125-0546,"org.eclipse.emf.ecore",1368819833055
started,bundle,org.eclipse.emf.ecore.xmi,2.8.1.v20130125-0546,"org.eclipse.emf.ecore.xmi",1368819833055
started,bundle,org.eclipse.emf.edit,2.8.0.v20130125-0826,"org.eclipse.emf.edit",1368819833055
started,bundle,org.eclipse.emf.edit.ui,2.8.0.v20130125-0826,"org.eclipse.emf.edit.ui",1368819833055
os,sysinfo,,,"macosx",1368819833061
arch,sysinfo,,,"x86_64",1368819833061
ws,sysinfo,,,"cocoa",1368819833061
locale,sysinfo,,,"en_US",1368819833061
processors,sysinfo,,,"8",1368819833061
java.runtime.name,sysinfo,,,"Java(TM) SE Runtime Environment",1368819833061
java.runtime.version,sysinfo,,,"1.6.0_45-b06-451-11M4406",1368819833061
java.specification.name,sysinfo,,,"Java Platform API Specification",1368819833061
java.specification.vendor,sysinfo,,,"Sun Microsystems Inc.",1368819833061
java.specification.version,sysinfo,,,"1.6",1368819833061
java.vendor,sysinfo,,,"Apple Inc.",1368819833061
java.version,sysinfo,,,"1.6.0_45",1368819833061
java.vm.info,sysinfo,,,"mixed mode",1368819833061
java.vm.name,sysinfo,,,"Java HotSpot(TM) 64-Bit Server VM",1368819833061
java.vm.specification.name,sysinfo,,,"Java Virtual Machine Specification",1368819833061
java.vm.specification.vendor,sysinfo,,,"Sun Microsystems Inc.",1368819833061
java.vm.specification.version,sysinfo,,,"1.0",1368819833061
java.vm.vendor,sysinfo,,,"Apple Inc.",1368819833061
java.vm.version,sysinfo,,,"20.45-b01-451",1368819833061
started,bundle,org.eclipse.m2e.usagedata,1.0.100.20110804-1717,"org.eclipse.m2e.usagedata",1368819833065
started,bundle,org.eclipse.jst.servlet.ui,1.1.502.v201202011054,"org.eclipse.jst.servlet.ui",1368819833731
started,bundle,org.eclipse.epp.usagedata.ui,1.3.1.R201106061540,"org.eclipse.epp.usagedata.ui",1368819834072
deactivated,workbench,org.eclipse.ui.workbench,3.7.1.v20120104-1859,"",1368819834315
started,bundle,org.eclipse.php.core,3.0.1.v201201110400,"org.eclipse.php.core",1368819834533
started,bundle,com.android.ide.eclipse.traceview,21.1.0.v201302060044-569685,"com.android.ide.eclipse.traceview",1368819835099
